umeta_id,user_id,meta_key,meta_value
770,1,bookmarked_projects,a:14:{i:0;i:218;i:1;i:224;i:2;i:494;i:3;i:259;i:4;i:609;i:5;i:784;i:6;i:702;i:7;i:289;i:8;i:705;i:9;i:822;i:10;i:2388;i:11;i:8725;i:12;i:1607;i:13;i:3995;}
771,34,bookmarked_projects,a:49:{i:0;i:224;i:1;i:218;i:2;i:216;i:4;i:259;i:7;i:594;i:8;i:668;i:11;i:705;i:12;i:609;i:14;i:784;i:15;i:1047;i:16;i:1150;i:17;i:1607;i:18;i:1569;i:20;i:2747;i:23;i:2834;i:24;i:4355;i:25;i:5946;i:30;i:5282;i:31;i:5282;i:32;i:6898;i:33;i:7212;i:34;i:6985;i:35;i:6971;i:36;i:8343;i:38;i:5846;i:39;i:10731;i:40;i:14852;i:41;i:9201;i:42;i:5995;i:43;i:6032;i:44;i:5320;i:45;i:5833;i:46;i:27384;i:47;i:27786;i:48;i:27404;i:49;i:27694;i:50;i:26912;i:51;i:26614;i:52;i:26598;i:53;i:26548;i:54;i:26463;i:55;i:25669;i:56;i:25336;i:57;i:42986;i:58;i:54665;i:59;i:82518;i:60;i:82738;i:61;i:82778;i:62;i:64004;}
795,32,bookmarked_projects,a:186:{i:0;i:241;i:2;i:609;i:4;i:668;i:5;i:772;i:6;i:705;i:7;i:1047;i:8;i:1150;i:9;i:754;i:12;i:2869;i:13;i:2905;i:14;i:1901;i:18;i:2747;i:20;i:3649;i:21;i:4725;i:22;i:4390;i:23;i:3924;i:24;i:5984;i:25;i:7249;i:26;i:7443;i:27;i:6985;i:28;i:6938;i:29;i:6887;i:30;i:6805;i:31;i:6898;i:32;i:7944;i:33;i:8218;i:34;i:7384;i:35;i:4355;i:36;i:5854;i:37;i:5301;i:38;i:8343;i:39;i:5282;i:40;i:8725;i:41;i:5815;i:47;i:5320;i:48;i:5833;i:49;i:5995;i:50;i:6032;i:51;i:9201;i:52;i:14852;i:53;i:5898;i:54;i:18222;i:55;i:6598;i:56;i:25336;i:57;i:31807;i:58;i:23703;i:59;i:24076;i:60;i:24302;i:61;i:34750;i:62;i:23819;i:63;i:24736;i:64;i:24614;i:65;i:24847;i:66;i:29064;i:67;i:24984;i:68;i:24984;i:69;i:24984;i:70;i:24100;i:71;i:43527;i:72;i:42399;i:73;i:51005;i:74;i:52174;i:75;i:35198;i:76;i:17013;i:77;i:64275;i:78;i:65374;i:79;i:63994;i:80;i:63994;i:81;i:44612;i:82;i:50222;i:83;i:49265;i:84;i:66783;i:85;i:67354;i:86;i:68509;i:87;i:69870;i:88;i:69329;i:89;i:69566;i:90;i:68284;i:91;i:68170;i:93;i:68862;i:94;i:71701;i:95;i:70395;i:97;i:67455;i:98;i:71826;i:99;i:69931;i:100;i:68834;i:101;i:72100;i:102;i:69758;i:103;i:69686;i:104;i:67978;i:105;i:67044;i:106;i:67513;i:107;i:66751;i:108;i:66727;i:109;i:71268;i:110;i:68051;i:111;i:71655;i:112;i:67459;i:113;i:71492;i:114;i:68890;i:115;i:68595;i:117;i:68188;i:118;i:72969;i:119;i:67266;i:120;i:67894;i:121;i:66734;i:122;i:66768;i:123;i:72171;i:124;i:68427;i:125;i:68427;i:127;i:67956;i:128;i:69600;i:129;i:71430;i:130;i:72362;i:131;i:72258;i:132;i:71937;i:133;i:68988;i:134;i:72350;i:135;i:68988;i:136;i:71937;i:137;i:72258;i:138;i:72362;i:139;i:71430;i:140;i:68842;i:141;i:72451;i:143;i:67165;i:144;i:69463;i:145;i:71333;i:147;i:71198;i:148;i:68036;i:149;i:68758;i:150;i:66717;i:151;i:70993;i:153;i:72541;i:154;i:68259;i:155;i:69580;i:156;i:66725;i:157;i:66721;i:158;i:68184;i:159;i:68201;i:161;i:71515;i:162;i:71432;i:163;i:69795;i:164;i:70056;i:165;i:69554;i:166;i:68819;i:167;i:70587;i:168;i:68172;i:169;i:71463;i:170;i:68078;i:171;i:66852;i:172;i:69766;i:173;i:68900;i:174;i:70020;i:175;i:68177;i:176;i:67257;i:177;i:26492;i:178;i:71705;i:179;i:69536;i:180;i:71979;i:181;i:70173;i:182;i:71955;i:184;i:66719;i:186;i:68900;i:187;i:70020;i:188;i:68177;i:189;i:69093;i:190;i:66780;i:191;i:69527;i:192;i:66777;i:193;i:69813;i:194;i:70220;i:195;i:68798;i:196;i:66790;i:197;i:67226;i:198;i:66796;i:199;i:52387;i:200;i:63724;i:201;i:90875;i:202;i:91857;i:203;i:91604;i:204;i:91591;i:205;i:91330;i:206;i:91063;i:207;i:91063;i:208;i:90948;}
868,35,bookmarked_projects,a:1:{i:0;i:784;}
878,46,bookmarked_projects,a:32:{i:0;i:1150;i:1;i:1204;i:2;i:623;i:3;i:2869;i:4;i:2812;i:5;i:2559;i:6;i:1607;i:7;i:3995;i:8;i:5301;i:10;i:5491;i:11;i:5854;i:12;i:24302;i:13;i:37134;i:14;i:68798;i:15;i:91386;i:16;i:91367;i:17;i:91367;i:18;i:91642;i:19;i:90948;i:20;i:90953;i:21;i:92254;i:22;i:92254;i:23;i:91330;i:24;i:91857;i:25;i:90862;i:26;i:91055;i:27;i:92274;i:28;i:90975;i:29;i:91063;i:30;i:90875;i:31;i:91591;i:32;i:91789;}
941,49,bookmarked_projects,a:8:{i:0;i:1719;i:1;i:1604;i:2;i:2834;i:3;i:3924;i:4;i:1901;i:5;i:689;i:6;i:6971;i:7;i:702;}
1110,41,bookmarked_projects,a:12:{i:0;i:2388;i:1;i:1612;i:2;i:623;i:3;i:3995;i:4;i:2559;i:5;i:3924;i:6;i:3538;i:7;i:2834;i:8;i:24076;i:9;i:47837;i:10;i:82692;i:11;i:65200;}
1414,68,bookmarked_projects,a:12:{i:0;i:2823;i:1;i:4390;i:2;i:2788;i:3;i:5691;i:4;i:5769;i:5;i:7384;i:6;i:7212;i:7;i:1569;i:8;i:5320;i:9;i:25336;i:10;i:25722;i:11;i:27786;}
1525,79,bookmarked_projects,a:2:{i:0;i:2747;i:1;i:3036;}
1526,65,bookmarked_projects,a:1:{i:0;i:2747;}
1817,54,bookmarked_projects,a:22:{i:0;i:2747;i:1;i:2905;i:2;i:2812;i:3;i:623;i:4;i:1901;i:6;i:3538;i:7;i:1612;i:8;i:2834;i:9;i:10352;i:10;i:63714;i:11;i:63637;i:12;i:63637;i:13;i:64315;i:14;i:63655;i:15;i:63605;i:16;i:63580;i:17;i:64208;i:18;i:80099;i:19;i:80195;i:20;i:83731;i:21;i:86921;i:22;i:86901;}
1974,103,bookmarked_projects,a:0:{}
2028,57,bookmarked_projects,a:2:{i:0;i:2559;i:1;i:3995;}
2031,87,bookmarked_projects,a:1:{i:0;i:33840;}
2093,83,bookmarked_projects,a:0:{}
2094,59,bookmarked_projects,a:3:{i:0;i:3995;i:1;i:3995;i:2;i:2559;}
2172,71,bookmarked_projects,a:1:{i:0;i:2388;}
2191,61,bookmarked_projects,a:1:{i:0;i:1607;}
2264,81,bookmarked_projects,a:1:{i:0;i:2747;}
3613,193,bookmarked_projects,a:1:{i:0;i:5349;}
3868,207,bookmarked_projects,a:2:{i:0;i:5301;i:1;i:24089;}
3926,101,bookmarked_projects,a:3:{i:0;i:2747;i:1;i:6079;i:2;i:3036;}
4577,231,bookmarked_projects,a:0:{}
5192,174,bookmarked_projects,a:8:{i:0;i:5458;i:1;i:28558;i:2;i:34998;i:3;i:67266;i:4;i:71655;i:5;i:71655;i:6;i:69680;i:7;i:72451;}
5193,196,bookmarked_projects,a:1:{i:0;i:5458;}
5194,170,bookmarked_projects,a:2:{i:0;i:5458;i:1;i:7212;}
5358,77,bookmarked_projects,a:0:{}
5508,145,bookmarked_projects,a:6:{i:2;i:10607;i:4;i:29563;i:6;i:24089;i:7;i:24047;i:9;i:42406;i:10;i:42501;}
5546,264,bookmarked_projects,a:1:{i:0;i:6019;}
5547,285,bookmarked_projects,a:1:{i:0;i:6019;}
5548,286,bookmarked_projects,a:1:{i:0;i:6019;}
5565,299,bookmarked_projects,a:0:{}
5567,142,bookmarked_projects,a:2:{i:1;i:6178;i:2;i:5282;}
5601,144,bookmarked_projects,a:2:{i:0;i:5301;i:1;i:9767;}
5817,263,bookmarked_projects,a:1:{i:0;i:5995;}
5843,173,bookmarked_projects,a:3:{i:0;i:5458;i:1;i:6871;i:2;i:47189;}
6091,321,bookmarked_projects,a:0:{}
6284,256,bookmarked_projects,a:0:{}
6285,141,bookmarked_projects,a:3:{i:1;i:7541;i:2;i:5282;i:3;i:22860;}
6286,140,bookmarked_projects,a:4:{i:0;i:5282;i:1;i:5282;i:2;i:22860;i:3;i:42475;}
6347,340,bookmarked_projects,a:1:{i:0;i:7746;}
6349,303,bookmarked_projects,a:0:{}
6372,234,bookmarked_projects,a:1:{i:0;i:5846;}
6391,156,bookmarked_projects,a:2:{i:0;i:5349;i:1;i:22876;}
6410,341,bookmarked_projects,a:2:{i:0;i:7944;i:1;i:6855;}
6431,344,bookmarked_projects,a:1:{i:0;i:5946;}
6511,228,bookmarked_projects,a:1:{i:0;i:5846;}
6530,349,bookmarked_projects,a:0:{}
6692,320,bookmarked_projects,a:1:{i:0;i:7173;}
6800,325,bookmarked_projects,a:1:{i:0;i:6985;}
6804,273,bookmarked_projects,a:2:{i:0;i:5946;i:1;i:5946;}
6827,197,bookmarked_projects,a:1:{i:0;i:5349;}
6830,220,bookmarked_projects,a:1:{i:0;i:5898;}
6866,159,bookmarked_projects,a:2:{i:0;i:9434;i:1;i:24100;}
6924,97,bookmarked_projects,a:1:{i:0;i:5854;}
6925,211,bookmarked_projects,a:5:{i:1;i:6855;i:2;i:6762;i:3;i:5952;i:4;i:8725;i:5;i:5827;}
6926,189,bookmarked_projects,a:6:{i:0;i:5320;i:1;i:9434;i:2;i:8275;i:3;i:24100;i:4;i:30376;i:5;i:42475;}
6985,371,bookmarked_projects,a:1:{i:0;i:5898;}
7046,147,bookmarked_projects,a:12:{i:0;i:7212;i:1;i:6332;i:2;i:9434;i:3;i:5320;i:4;i:5815;i:5;i:3924;i:6;i:23211;i:7;i:24100;i:8;i:25336;i:9;i:42475;i:10;i:30376;i:11;i:27262;}
7069,223,bookmarked_projects,a:0:{}
7311,354,bookmarked_projects,a:1:{i:0;i:10607;}
7382,373,bookmarked_projects,a:1:{i:0;i:10607;}
7383,133,bookmarked_projects,a:3:{i:0;i:10337;i:1;i:5458;i:2;i:5320;}
7424,85,bookmarked_projects,a:2:{i:0;i:5984;i:1;i:5282;}
7446,268,bookmarked_projects,a:10:{i:0;i:7384;i:1;i:14852;i:2;i:9201;i:3;i:10746;i:4;i:26296;i:5;i:26662;i:6;i:27735;i:7;i:24673;i:8;i:25669;i:9;i:65590;}
7537,277,bookmarked_projects,a:0:{}
7542,63,bookmarked_projects,a:0:{}
7585,269,bookmarked_projects,a:13:{i:1;i:1612;i:3;i:6178;i:4;i:9201;i:5;i:14852;i:6;i:34987;i:7;i:24705;i:8;i:42683;i:10;i:68259;i:11;i:68842;i:12;i:72978;i:13;i:67455;i:14;i:71655;i:15;i:65590;}
7643,259,bookmarked_projects,a:5:{i:0;i:3538;i:1;i:10731;i:2;i:1901;i:3;i:6178;i:4;i:5610;}
7647,318,bookmarked_projects,a:2:{i:0;i:5827;i:1;i:8725;}
7654,153,bookmarked_projects,a:0:{}
7655,328,bookmarked_projects,a:1:{i:0;i:7173;}
7752,366,bookmarked_projects,a:5:{i:0;i:1612;i:1;i:1612;i:2;i:5815;i:3;i:5891;i:4;i:5946;}
7830,249,bookmarked_projects,a:2:{i:0;i:5995;i:1;i:34750;}
7870,262,bookmarked_projects,a:1:{i:0;i:5984;}
7873,246,bookmarked_projects,a:0:{}
7895,120,bookmarked_projects,a:2:{i:1;i:6929;i:2;i:5946;}
7905,238,bookmarked_projects,a:1:{i:0;i:5846;}
7929,227,bookmarked_projects,a:1:{i:0;i:5984;}
7950,315,bookmarked_projects,a:0:{}
7951,219,bookmarked_projects,a:2:{i:0;i:5898;i:1;i:31836;}
7952,218,bookmarked_projects,a:1:{i:0;i:5898;}
7953,418,bookmarked_projects,a:6:{i:0;i:24100;i:1;i:9434;i:2;i:50971;i:3;i:67044;i:4;i:66725;i:5;i:66719;}
7963,314,bookmarked_projects,a:1:{i:0;i:5946;}
7964,272,bookmarked_projects,a:1:{i:0;i:5946;}
8075,194,bookmarked_projects,a:0:{}
8129,327,bookmarked_projects,a:1:{i:0;i:33877;}
8257,436,bookmarked_projects,a:2:{i:0;i:17377;i:1;i:17846;}
8259,398,bookmarked_projects,a:2:{i:1;i:17377;i:2;i:17846;}
8284,402,bookmarked_projects,a:0:{}
9165,462,bookmarked_projects,a:4:{i:0;i:8725;i:1;i:22817;i:2;i:42411;i:3;i:42420;}
10855,517,bookmarked_projects,a:0:{}
10870,518,bookmarked_projects,a:1:{i:0;i:44087;}
11096,481,bookmarked_projects,a:3:{i:2;i:23751;i:3;i:42420;i:4;i:42470;}
11105,563,bookmarked_projects,a:0:{}
11106,542,bookmarked_projects,a:2:{i:0;i:21596;i:1;i:24779;}
11107,502,bookmarked_projects,a:3:{i:1;i:27694;i:2;i:43364;i:3;i:24703;}
11108,577,bookmarked_projects,a:2:{i:0;i:21596;i:1;i:42420;}
11109,562,bookmarked_projects,a:4:{i:0;i:42420;i:1;i:44814;i:2;i:44656;i:3;i:44015;}
11143,477,bookmarked_projects,a:1:{i:0;i:21596;}
11221,600,bookmarked_projects,a:3:{i:0;i:7249;i:1;i:92274;i:2;i:92254;}
11295,604,bookmarked_projects,a:3:{i:0;i:10352;i:1;i:23547;i:2;i:30620;}
11597,143,bookmarked_projects,a:0:{}
11669,464,bookmarked_projects,a:3:{i:0;i:42420;i:1;i:44656;i:2;i:44656;}
11689,624,bookmarked_projects,a:1:{i:0;i:23381;}
11723,598,bookmarked_projects,a:1:{i:0;i:23381;}
11842,461,bookmarked_projects,a:0:{}
12212,396,bookmarked_projects,a:0:{}
12264,534,bookmarked_projects,a:2:{i:0;i:24779;i:1;i:42683;}
13139,332,bookmarked_projects,a:0:{}
13177,690,bookmarked_projects,a:0:{}
13198,616,bookmarked_projects,a:0:{}
13200,704,bookmarked_projects,a:0:{}
13241,696,bookmarked_projects,a:0:{}
13264,484,bookmarked_projects,a:1:{i:0;i:42420;}
13265,623,bookmarked_projects,a:0:{}
13338,715,bookmarked_projects,a:1:{i:0;i:26270;}
13359,669,bookmarked_projects,a:0:{}
13360,716,bookmarked_projects,a:1:{i:0;i:26236;}
13421,199,bookmarked_projects,a:0:{}
13422,430,bookmarked_projects,a:2:{i:0;i:26236;i:1;i:48123;}
13465,674,bookmarked_projects,a:3:{i:0;i:24849;i:1;i:43554;i:2;i:42420;}
13466,713,bookmarked_projects,a:1:{i:0;i:26270;}
13467,487,bookmarked_projects,a:6:{i:0;i:23547;i:1;i:26662;i:2;i:702;i:3;i:623;i:4;i:42420;i:5;i:70056;}
13760,446,bookmarked_projects,a:1:{i:0;i:28761;}
13761,627,bookmarked_projects,a:1:{i:0;i:28761;}
13817,492,bookmarked_projects,a:1:{i:3;i:49856;}
13838,504,bookmarked_projects,a:0:{}
13839,498,bookmarked_projects,a:0:{}
13874,589,bookmarked_projects,a:2:{i:0;i:28761;i:1;i:42411;}
13875,480,bookmarked_projects,a:0:{}
13898,617,bookmarked_projects,a:1:{i:0;i:22817;}
14005,225,bookmarked_projects,a:6:{i:0;i:24632;i:2;i:22311;i:3;i:24614;i:4;i:23797;i:5;i:28658;i:6;i:30376;}
14007,216,bookmarked_projects,a:2:{i:1;i:29563;i:2;i:30620;}
14009,351,bookmarked_projects,a:0:{}
14109,628,bookmarked_projects,a:1:{i:0;i:23751;}
14163,235,bookmarked_projects,a:1:{i:0;i:31789;}
14171,569,bookmarked_projects,a:1:{i:1;i:42420;}
14251,356,bookmarked_projects,a:0:{}
14272,752,bookmarked_projects,a:1:{i:0;i:34174;}
14273,270,bookmarked_projects,a:0:{}
14275,64,bookmarked_projects,a:0:{}
14278,191,bookmarked_projects,a:0:{}
14299,759,bookmarked_projects,a:1:{i:0;i:33840;}
14321,761,bookmarked_projects,a:1:{i:0;i:33840;}
14337,459,bookmarked_projects,a:2:{i:0;i:23381;i:1;i:42642;}
14342,641,bookmarked_projects,a:13:{i:0;i:23329;i:1;i:5898;i:2;i:42489;i:3;i:5282;i:4;i:44051;i:5;i:42420;i:6;i:44814;i:7;i:44656;i:8;i:44461;i:9;i:9767;i:10;i:34750;i:11;i:57182;i:12;i:57359;}
14345,432,bookmarked_projects,a:1:{i:0;i:33840;}
14347,435,bookmarked_projects,a:0:{}
14348,357,bookmarked_projects,a:1:{i:0;i:29563;}
14351,637,bookmarked_projects,a:1:{i:0;i:23703;}
14402,762,bookmarked_projects,a:0:{}
14406,666,bookmarked_projects,a:3:{i:0;i:5282;i:1;i:5458;i:2;i:5984;}
14533,652,bookmarked_projects,a:11:{i:0;i:5320;i:1;i:70056;i:2;i:66783;i:3;i:69554;i:4;i:68842;i:5;i:72100;i:6;i:67956;i:7;i:69686;i:8;i:71663;i:9;i:70056;i:10;i:66725;}
14581,612,bookmarked_projects,a:2:{i:0;i:23329;i:1;i:42420;}
14606,566,bookmarked_projects,a:0:{}
14647,512,bookmarked_projects,a:0:{}
14648,630,bookmarked_projects,a:0:{}
14652,618,bookmarked_projects,a:2:{i:0;i:22844;i:1;i:43580;}
14658,221,bookmarked_projects,a:1:{i:0;i:31836;}
14664,768,bookmarked_projects,a:0:{}
14666,483,bookmarked_projects,a:0:{}
14670,576,bookmarked_projects,a:2:{i:0;i:24849;i:2;i:42420;}
14676,530,bookmarked_projects,a:0:{}
14679,742,bookmarked_projects,a:1:{i:0;i:24811;}
14687,150,bookmarked_projects,a:1:{i:0;i:24100;}
14691,731,bookmarked_projects,a:0:{}
14732,665,bookmarked_projects,a:1:{i:0;i:24849;}
14749,592,bookmarked_projects,a:0:{}
14750,543,bookmarked_projects,a:0:{}
14752,595,bookmarked_projects,a:1:{i:0;i:22817;}
14816,547,bookmarked_projects,a:1:{i:0;i:42411;}
14880,466,bookmarked_projects,a:5:{i:0;i:17013;i:1;i:42420;i:2;i:42693;i:3;i:62435;i:4;i:62435;}
14972,554,bookmarked_projects,a:0:{}
14980,606,bookmarked_projects,a:1:{i:0;i:42420;}
15036,451,bookmarked_projects,a:2:{i:0;i:42420;i:1;i:44656;}
15038,525,bookmarked_projects,a:4:{i:0;i:42383;i:1;i:42420;i:2;i:44656;i:3;i:44814;}
15041,476,bookmarked_projects,a:1:{i:0;i:42420;}
15043,593,bookmarked_projects,a:3:{i:0;i:42420;i:1;i:44656;i:2;i:44814;}
15049,458,bookmarked_projects,a:1:{i:0;i:42420;}
15055,388,bookmarked_projects,a:1:{i:0;i:42683;}
15057,452,bookmarked_projects,a:2:{i:0;i:42420;i:1;i:44656;}
15083,660,bookmarked_projects,a:1:{i:0;i:42420;}
15084,587,bookmarked_projects,a:3:{i:0;i:42420;i:1;i:44814;i:2;i:43580;}
15086,473,bookmarked_projects,a:1:{i:0;i:42420;}
15097,275,bookmarked_projects,a:2:{i:3;i:65590;i:4;i:42683;}
15098,237,bookmarked_projects,a:2:{i:0;i:42683;i:1;i:65590;}
15105,511,bookmarked_projects,a:1:{i:0;i:42420;}
15158,309,bookmarked_projects,a:2:{i:0;i:42683;i:1;i:65590;}
15182,257,bookmarked_projects,a:1:{i:0;i:42683;}
15183,503,bookmarked_projects,a:1:{i:0;i:42420;}
15192,728,bookmarked_projects,a:1:{i:0;i:42683;}
15193,134,bookmarked_projects,a:1:{i:0;i:42683;}
15221,545,bookmarked_projects,a:1:{i:0;i:42420;}
15222,453,bookmarked_projects,a:1:{i:0;i:42420;}
15227,507,bookmarked_projects,a:1:{i:0;i:42420;}
15232,591,bookmarked_projects,a:1:{i:0;i:42420;}
15233,385,bookmarked_projects,a:1:{i:0;i:44814;}
15250,528,bookmarked_projects,a:0:{}
16213,837,bookmarked_projects,a:8:{i:0;i:48728;i:1;i:69686;i:2;i:70020;i:3;i:69566;i:4;i:67863;i:5;i:67956;i:6;i:69093;i:7;i:63637;}
16294,843,bookmarked_projects,a:10:{i:11;i:77943;i:12;i:702;i:13;i:6178;i:14;i:64045;i:15;i:69580;i:16;i:86148;i:17;i:63957;i:18;i:63890;i:19;i:63724;i:20;i:84732;}
17435,889,bookmarked_projects,a:3:{i:0;i:49015;i:1;i:50055;i:2;i:51300;}
17453,887,bookmarked_projects,a:6:{i:0;i:68842;i:1;i:68819;i:2;i:68862;i:3;i:71663;i:4;i:70056;i:5;i:71979;}
18466,954,bookmarked_projects,a:8:{i:0;i:49364;i:1;i:67165;i:2;i:67863;i:3;i:67863;i:4;i:68890;i:5;i:67513;i:6;i:67513;i:7;i:71430;}
18874,892,bookmarked_projects,a:5:{i:1;i:64013;i:2;i:51693;i:3;i:67894;i:4;i:49039;i:5;i:87134;}
19406,893,bookmarked_projects,a:5:{i:0;i:49039;i:1;i:51693;i:2;i:64013;i:3;i:67894;i:4;i:68170;}
19407,871,bookmarked_projects,a:6:{i:1;i:51005;i:2;i:49039;i:3;i:63983;i:6;i:67894;i:7;i:68051;i:8;i:68170;}
19414,1014,bookmarked_projects,a:0:{}
19591,872,bookmarked_projects,a:2:{i:0;i:50055;i:1;i:50975;}
19592,1028,bookmarked_projects,a:1:{i:0;i:50055;}
19593,1029,bookmarked_projects,a:5:{i:0;i:50055;i:1;i:68284;i:2;i:69329;i:3;i:72978;i:4;i:9767;}
19727,1033,bookmarked_projects,a:0:{}
19784,1036,bookmarked_projects,a:1:{i:0;i:50055;}
19806,1038,bookmarked_projects,a:0:{}
19871,899,bookmarked_projects,a:27:{i:0;i:49039;i:1;i:63803;i:2;i:70056;i:3;i:68170;i:4;i:67894;i:5;i:67513;i:6;i:68284;i:7;i:71430;i:8;i:68758;i:9;i:69813;i:10;i:72171;i:11;i:69329;i:12;i:68184;i:13;i:49003;i:14;i:71655;i:15;i:71655;i:16;i:67257;i:17;i:68798;i:18;i:66721;i:19;i:71979;i:20;i:71979;i:21;i:69144;i:22;i:71432;i:23;i:68819;i:24;i:70999;i:25;i:69093;i:26;i:68036;}
19969,1003,bookmarked_projects,a:4:{i:3;i:67455;i:4;i:67165;i:5;i:72258;i:6;i:69329;}
20066,939,bookmarked_projects,a:4:{i:0;i:49398;i:1;i:70999;i:2;i:71655;i:3;i:71655;}
20079,906,bookmarked_projects,a:12:{i:0;i:50853;i:1;i:67863;i:2;i:67894;i:3;i:67894;i:4;i:69536;i:5;i:67956;i:6;i:66725;i:7;i:68842;i:8;i:68862;i:9;i:68170;i:10;i:71655;i:11;i:44656;}
20083,1043,bookmarked_projects,a:18:{i:0;i:50916;i:1;i:51005;i:2;i:50853;i:3;i:51351;i:4;i:67863;i:5;i:67863;i:6;i:67978;i:7;i:67894;i:8;i:72350;i:9;i:72978;i:10;i:67956;i:11;i:68842;i:12;i:69329;i:13;i:69329;i:14;i:69329;i:15;i:67165;i:16;i:66721;i:17;i:71979;}
20149,1052,bookmarked_projects,a:1:{i:0;i:48568;}
20153,862,bookmarked_projects,a:13:{i:0;i:68509;i:1;i:70020;i:2;i:69566;i:3;i:71432;i:4;i:70173;i:5;i:71268;i:6;i:71701;i:7;i:68284;i:8;i:69686;i:9;i:69580;i:10;i:67956;i:11;i:67894;i:12;i:63655;}
20239,934,bookmarked_projects,a:1:{i:0;i:67956;}
20257,1041,bookmarked_projects,a:8:{i:0;i:68170;i:1;i:66721;i:2;i:68758;i:3;i:71655;i:4;i:69554;i:5;i:69329;i:6;i:71979;i:7;i:68842;}
20258,983,bookmarked_projects,a:10:{i:0;i:49398;i:2;i:67165;i:3;i:67513;i:4;i:68172;i:5;i:68842;i:6;i:67455;i:7;i:67455;i:8;i:68890;i:9;i:80099;i:10;i:88029;}
20260,818,bookmarked_projects,a:12:{i:0;i:71937;i:1;i:66725;i:2;i:71655;i:3;i:68284;i:4;i:68284;i:5;i:67266;i:6;i:67956;i:7;i:69093;i:8;i:67455;i:9;i:70993;i:10;i:71515;i:11;i:67894;}
20265,820,bookmarked_projects,a:11:{i:0;i:67266;i:1;i:69093;i:2;i:68259;i:3;i:72362;i:4;i:67894;i:5;i:67257;i:6;i:66725;i:7;i:69600;i:8;i:71937;i:9;i:5610;i:10;i:5610;}
20266,979,bookmarked_projects,a:5:{i:0;i:49398;i:1;i:68188;i:2;i:68890;i:3;i:72171;i:4;i:67513;}
20269,905,bookmarked_projects,a:12:{i:0;i:67455;i:2;i:67226;i:3;i:67226;i:4;i:69600;i:5;i:68170;i:6;i:67354;i:7;i:69093;i:8;i:68284;i:9;i:68284;i:10;i:71515;i:11;i:69580;i:12;i:5610;}
20275,900,bookmarked_projects,a:3:{i:0;i:72171;i:1;i:68284;i:2;i:5610;}
20293,811,bookmarked_projects,a:1:{i:0;i:50916;}
20298,926,bookmarked_projects,a:7:{i:0;i:50971;i:1;i:50971;i:2;i:49057;i:3;i:49155;i:4;i:68900;i:5;i:71432;i:6;i:87178;}
20324,984,bookmarked_projects,a:1:{i:0;i:51005;}
20327,1020,bookmarked_projects,a:13:{i:0;i:70993;i:1;i:72978;i:2;i:72100;i:3;i:66852;i:4;i:67044;i:5;i:67863;i:6;i:67863;i:7;i:67894;i:8;i:66721;i:9;i:67455;i:10;i:69329;i:11;i:67165;i:12;i:71655;}
20328,878,bookmarked_projects,a:9:{i:0;i:50989;i:1;i:67257;i:2;i:72541;i:3;i:71979;i:4;i:68817;i:5;i:66725;i:6;i:66734;i:7;i:69536;i:8;i:71655;}
20331,965,bookmarked_projects,a:2:{i:0;i:51005;i:1;i:86870;}
20335,963,bookmarked_projects,a:10:{i:0;i:68862;i:1;i:67455;i:2;i:67894;i:3;i:72350;i:4;i:72350;i:5;i:72978;i:7;i:69931;i:8;i:67863;i:9;i:67513;i:10;i:68842;}
20357,1057,bookmarked_projects,a:1:{i:0;i:51005;}
20470,1047,bookmarked_projects,a:5:{i:0;i:49057;i:1;i:51749;i:2;i:49155;i:3;i:67354;i:4;i:63983;}
20472,882,bookmarked_projects,a:1:{i:0;i:49057;}
20511,823,bookmarked_projects,a:11:{i:0;i:5946;i:1;i:42383;i:2;i:23834;i:3;i:48793;i:4;i:49049;i:5;i:68172;i:6;i:68172;i:7;i:72100;i:8;i:72350;i:9;i:67455;i:10;i:69329;}
20514,1031,bookmarked_projects,a:0:{}
20611,1048,bookmarked_projects,a:4:{i:0;i:49057;i:1;i:66777;i:2;i:66734;i:3;i:64004;}
20635,813,bookmarked_projects,a:2:{i:0;i:67266;i:1;i:71937;}
20642,1010,bookmarked_projects,a:8:{i:0;i:49155;i:1;i:49057;i:2;i:51749;i:3;i:63994;i:4;i:68284;i:5;i:66734;i:6;i:68862;i:7;i:63878;}
20652,971,bookmarked_projects,a:1:{i:0;i:49398;}
20675,1050,bookmarked_projects,a:8:{i:0;i:49057;i:1;i:63994;i:5;i:72978;i:6;i:68842;i:7;i:70993;i:9;i:66777;i:10;i:5610;i:11;i:63878;}
20676,1044,bookmarked_projects,a:7:{i:0;i:49057;i:1;i:49155;i:2;i:68172;i:3;i:67257;i:4;i:72122;i:5;i:72100;i:6;i:69813;}
20708,115,bookmarked_projects,a:5:{i:0;i:42683;i:2;i:5984;i:3;i:9767;i:4;i:25336;i:5;i:51005;}
20712,927,bookmarked_projects,a:4:{i:0;i:49155;i:1;i:67257;i:2;i:67257;i:3;i:63994;}
20713,801,bookmarked_projects,a:8:{i:0;i:48884;i:1;i:68259;i:2;i:68284;i:3;i:70056;i:4;i:70587;i:5;i:72541;i:6;i:67226;i:7;i:69463;}
20714,1000,bookmarked_projects,a:6:{i:0;i:49155;i:1;i:49057;i:2;i:63796;i:3;i:66777;i:4;i:66734;i:5;i:63957;}
20715,865,bookmarked_projects,a:8:{i:0;i:49217;i:1;i:63796;i:2;i:68172;i:3;i:67257;i:4;i:68842;i:5;i:67266;i:6;i:71979;i:7;i:67956;}
20740,877,bookmarked_projects,a:0:{}
20742,499,bookmarked_projects,a:3:{i:0;i:43364;i:1;i:24736;i:2;i:42949;}
20790,538,bookmarked_projects,a:0:{}
20811,1072,bookmarked_projects,a:1:{i:0;i:33840;}
20817,1034,bookmarked_projects,a:4:{i:0;i:50335;i:1;i:67455;i:2;i:67455;i:3;i:67455;}
20840,923,bookmarked_projects,a:6:{i:0;i:49003;i:1;i:70056;i:2;i:68170;i:3;i:71430;i:4;i:67894;i:5;i:68051;}
20842,970,bookmarked_projects,a:8:{i:2;i:69795;i:3;i:68890;i:4;i:72100;i:5;i:69766;i:6;i:70499;i:7;i:70499;i:8;i:51656;i:9;i:67165;}
20866,1073,bookmarked_projects,a:1:{i:0;i:33840;}
20868,941,bookmarked_projects,a:8:{i:0;i:68284;i:1;i:67863;i:2;i:70020;i:3;i:68834;i:4;i:68779;i:5;i:68842;i:6;i:68862;i:7;i:67956;}
20904,343,bookmarked_projects,a:3:{i:0;i:42731;i:1;i:27262;i:2;i:5940;}
20915,565,bookmarked_projects,a:4:{i:0;i:42826;i:1;i:45257;i:2;i:48563;i:3;i:49039;}
20919,857,bookmarked_projects,a:7:{i:0;i:49049;i:1;i:63803;i:2;i:70056;i:3;i:67513;i:4;i:67894;i:5;i:67894;i:6;i:69813;}
20922,874,bookmarked_projects,a:1:{i:0;i:49217;}
20927,903,bookmarked_projects,a:5:{i:0;i:49049;i:1;i:69329;i:2;i:69566;i:3;i:70499;i:4;i:71515;}
20930,699,bookmarked_projects,a:0:{}
20934,831,bookmarked_projects,a:2:{i:7;i:6178;i:8;i:5610;}
20939,735,bookmarked_projects,a:1:{i:0;i:57182;}
20940,928,bookmarked_projects,a:4:{i:0;i:49111;i:20;i:69554;i:21;i:63878;i:22;i:63878;}
21072,729,bookmarked_projects,a:0:{}
21097,894,bookmarked_projects,a:12:{i:1;i:67894;i:2;i:63867;i:3;i:49039;i:4;i:67455;i:7;i:67863;i:8;i:68170;i:9;i:67266;i:10;i:66719;i:11;i:70056;i:13;i:69813;i:14;i:68051;i:15;i:5610;}
21098,890,bookmarked_projects,a:9:{i:0;i:49039;i:2;i:67455;i:3;i:67165;i:4;i:67863;i:5;i:72978;i:6;i:68170;i:7;i:66719;i:8;i:70056;i:9;i:67894;}
21176,962,bookmarked_projects,a:3:{i:1;i:66751;i:2;i:66725;i:3;i:71979;}
21250,1079,bookmarked_projects,a:1:{i:0;i:64979;}
21269,870,bookmarked_projects,a:6:{i:1;i:49064;i:2;i:51612;i:7;i:64013;i:8;i:5610;i:9;i:5610;i:10;i:70499;}
21355,1021,bookmarked_projects,a:6:{i:0;i:68170;i:1;i:67459;i:2;i:69093;i:3;i:72171;i:4;i:67863;i:5;i:67978;}
21360,1007,bookmarked_projects,a:7:{i:0;i:67978;i:1;i:72978;i:2;i:67894;i:3;i:67165;i:4;i:68842;i:5;i:67513;i:6;i:71655;}
21438,137,bookmarked_projects,a:0:{}
21484,839,bookmarked_projects,a:0:{}
21642,916,bookmarked_projects,a:10:{i:0;i:49180;i:1;i:64059;i:2;i:67978;i:3;i:67863;i:4;i:72350;i:5;i:72978;i:6;i:67894;i:7;i:70999;i:8;i:69093;i:9;i:87190;}
21660,1091,bookmarked_projects,a:42:{i:0;i:68188;i:1;i:68900;i:2;i:69108;i:3;i:69190;i:4;i:69144;i:5;i:69813;i:6;i:69766;i:7;i:68184;i:8;i:68172;i:9;i:70587;i:10;i:69870;i:11;i:72171;i:12;i:72171;i:13;i:71198;i:14;i:71492;i:15;i:70220;i:16;i:68201;i:17;i:68817;i:18;i:70056;i:19;i:71705;i:20;i:69758;i:21;i:72122;i:22;i:72362;i:23;i:70020;i:24;i:70395;i:25;i:68834;i:26;i:69463;i:27;i:69566;i:28;i:69680;i:29;i:72100;i:30;i:68177;i:31;i:69527;i:32;i:71432;i:33;i:71955;i:34;i:68170;i:35;i:69795;i:36;i:71515;i:37;i:71268;i:38;i:90875;i:39;i:90862;i:40;i:92251;i:41;i:91922;}
21663,863,bookmarked_projects,a:10:{i:0;i:71198;i:1;i:69463;i:2;i:67513;i:3;i:66777;i:4;i:71979;i:5;i:70173;i:6;i:72978;i:7;i:69600;i:8;i:71268;i:9;i:68170;}
21666,449,bookmarked_projects,a:3:{i:0;i:67354;i:1;i:69795;i:2;i:72978;}
21687,996,bookmarked_projects,a:7:{i:0;i:67863;i:1;i:72350;i:2;i:70395;i:3;i:67165;i:4;i:71826;i:5;i:68842;i:6;i:71979;}
21688,1061,bookmarked_projects,a:6:{i:0;i:67978;i:2;i:68779;i:5;i:67890;i:6;i:71979;i:9;i:70993;i:10;i:87277;}
21689,897,bookmarked_projects,a:1:{i:0;i:64013;}
21690,884,bookmarked_projects,a:4:{i:0;i:70020;i:1;i:67513;i:2;i:69536;i:3;i:68509;}
21693,920,bookmarked_projects,a:5:{i:1;i:68170;i:2;i:69813;i:4;i:70999;i:5;i:66734;i:6;i:67894;}
21695,976,bookmarked_projects,a:4:{i:0;i:69795;i:1;i:69766;i:2;i:68890;i:3;i:70499;}
21696,844,bookmarked_projects,a:6:{i:1;i:70999;i:2;i:71655;i:3;i:71515;i:4;i:70993;i:5;i:69093;i:6;i:68862;}
21697,883,bookmarked_projects,a:10:{i:0;i:68170;i:2;i:67165;i:3;i:67354;i:4;i:67354;i:5;i:69329;i:6;i:68890;i:7;i:69686;i:8;i:67455;i:9;i:71430;i:10;i:64059;}
21698,919,bookmarked_projects,a:4:{i:0;i:69329;i:1;i:67455;i:2;i:67513;i:6;i:69190;}
21700,915,bookmarked_projects,a:3:{i:0;i:69329;i:1;i:67455;i:2;i:70587;}
21703,1051,bookmarked_projects,a:1:{i:0;i:71955;}
21705,859,bookmarked_projects,a:0:{}
21725,1065,bookmarked_projects,a:3:{i:0;i:66727;i:1;i:69527;i:2;i:68036;}
21726,929,bookmarked_projects,a:2:{i:0;i:69329;i:1;i:67455;}
21727,302,bookmarked_projects,a:1:{i:0;i:67044;}
21728,797,bookmarked_projects,a:5:{i:0;i:69600;i:1;i:70499;i:2;i:72451;i:3;i:68170;i:4;i:68842;}
21729,851,bookmarked_projects,a:6:{i:0;i:71655;i:1;i:71655;i:2;i:68078;i:3;i:71705;i:4;i:67455;i:5;i:5610;}
21730,921,bookmarked_projects,a:14:{i:0;i:71655;i:1;i:67455;i:2;i:68509;i:3;i:72978;i:4;i:68842;i:5;i:68842;i:6;i:67266;i:7;i:70395;i:8;i:71515;i:9;i:68184;i:10;i:66783;i:11;i:66783;i:12;i:69527;i:13;i:69680;}
21731,995,bookmarked_projects,a:5:{i:0;i:72362;i:2;i:72541;i:3;i:69075;i:4;i:67529;i:5;i:66903;}
21732,1023,bookmarked_projects,a:0:{}
21733,1037,bookmarked_projects,a:1:{i:0;i:67956;}
21753,904,bookmarked_projects,a:2:{i:0;i:67257;i:1;i:68284;}
21754,1035,bookmarked_projects,a:8:{i:0;i:67455;i:1;i:69329;i:2;i:72258;i:3;i:71655;i:4;i:68842;i:5;i:67956;i:6;i:71979;i:7;i:71937;}
21755,993,bookmarked_projects,a:2:{i:0;i:67863;i:1;i:71826;}
21756,873,bookmarked_projects,a:0:{}
21758,952,bookmarked_projects,a:1:{i:0;i:67513;}
21759,1015,bookmarked_projects,a:3:{i:0;i:67257;i:1;i:69190;i:2;i:68172;}
21760,834,bookmarked_projects,a:13:{i:0;i:67513;i:1;i:67455;i:2;i:66725;i:3;i:68051;i:4;i:67165;i:5;i:68890;i:6;i:70999;i:7;i:68890;i:8;i:67165;i:9;i:71663;i:10;i:69766;i:11;i:68036;i:12;i:71655;}
21761,950,bookmarked_projects,a:0:{}
21762,842,bookmarked_projects,a:20:{i:0;i:72350;i:1;i:67266;i:2;i:69686;i:3;i:68862;i:4;i:68842;i:5;i:68170;i:6;i:68172;i:7;i:67894;i:8;i:72978;i:9;i:72541;i:10;i:69463;i:11;i:67257;i:12;i:71979;i:13;i:71655;i:14;i:71655;i:15;i:72969;i:16;i:72362;i:17;i:67978;i:18;i:72451;i:19;i:67165;}
21763,856,bookmarked_projects,a:8:{i:0;i:69580;i:1;i:69093;i:2;i:71937;i:3;i:68284;i:4;i:70056;i:5;i:69600;i:6;i:68172;i:7;i:5610;}
21764,973,bookmarked_projects,a:3:{i:0;i:68890;i:1;i:67513;i:2;i:64208;}
21765,858,bookmarked_projects,a:5:{i:0;i:68172;i:1;i:68842;i:2;i:67257;i:3;i:67956;i:4;i:68819;}
21766,977,bookmarked_projects,a:4:{i:0;i:68890;i:1;i:67165;i:2;i:69795;i:3;i:67513;}
21767,852,bookmarked_projects,a:6:{i:0;i:68284;i:1;i:67266;i:2;i:67956;i:3;i:72451;i:4;i:72362;i:5;i:72100;}
21768,825,bookmarked_projects,a:5:{i:0;i:69566;i:1;i:66734;i:2;i:66751;i:3;i:67257;i:4;i:71979;}
21769,886,bookmarked_projects,a:2:{i:0;i:69554;i:1;i:66719;}
21770,845,bookmarked_projects,a:8:{i:0;i:67266;i:1;i:71663;i:2;i:69766;i:3;i:67863;i:4;i:70056;i:5;i:67354;i:6;i:71432;i:7;i:72100;}
21771,895,bookmarked_projects,a:4:{i:0;i:67956;i:2;i:68259;i:3;i:72171;i:4;i:68779;}
21772,949,bookmarked_projects,a:1:{i:0;i:68842;}
21773,1054,bookmarked_projects,a:4:{i:0;i:67956;i:1;i:69463;i:2;i:72978;i:3;i:71647;}
21774,943,bookmarked_projects,a:1:{i:0;i:68842;}
21776,836,bookmarked_projects,a:5:{i:0;i:68284;i:1;i:68259;i:2;i:69566;i:3;i:71268;i:4;i:71198;}
21777,849,bookmarked_projects,a:7:{i:0;i:67956;i:1;i:68842;i:2;i:68078;i:3;i:68284;i:4;i:69600;i:5;i:68259;i:6;i:72451;}
21778,816,bookmarked_projects,a:10:{i:0;i:68259;i:1;i:68284;i:2;i:67956;i:3;i:68172;i:4;i:72978;i:5;i:67266;i:6;i:71937;i:7;i:67513;i:8;i:68170;i:9;i:71655;}
21779,959,bookmarked_projects,a:12:{i:2;i:67956;i:3;i:69580;i:4;i:69580;i:5;i:72100;i:6;i:68862;i:7;i:67863;i:8;i:67863;i:10;i:68170;i:11;i:72978;i:12;i:72978;i:13;i:68890;i:14;i:72171;}
21780,829,bookmarked_projects,a:2:{i:1;i:70173;i:2;i:69686;}
21781,814,bookmarked_projects,a:3:{i:0;i:68819;i:1;i:66734;i:2;i:71979;}
21782,881,bookmarked_projects,a:4:{i:0;i:68758;i:1;i:72451;i:2;i:66721;i:3;i:68170;}
21783,817,bookmarked_projects,a:6:{i:0;i:66734;i:1;i:67956;i:2;i:68862;i:3;i:68819;i:4;i:68078;i:5;i:71979;}
21784,1017,bookmarked_projects,a:8:{i:0;i:71198;i:1;i:69463;i:2;i:69580;i:3;i:71268;i:4;i:69566;i:5;i:69536;i:6;i:69686;i:7;i:70020;}
21785,841,bookmarked_projects,a:7:{i:0;i:70020;i:1;i:71198;i:2;i:69580;i:3;i:66751;i:4;i:71268;i:5;i:69536;i:6;i:67455;}
21786,1019,bookmarked_projects,a:4:{i:0;i:69536;i:1;i:69580;i:2;i:69686;i:3;i:71268;}
21787,967,bookmarked_projects,a:3:{i:0;i:67044;i:1;i:68842;i:2;i:70395;}
21788,808,bookmarked_projects,a:6:{i:0;i:68842;i:1;i:68078;i:2;i:71463;i:3;i:71826;i:4;i:72111;i:5;i:5610;}
21789,802,bookmarked_projects,a:11:{i:0;i:68284;i:2;i:66734;i:3;i:67513;i:4;i:68862;i:6;i:71515;i:8;i:72171;i:11;i:71655;i:12;i:70999;i:15;i:68078;i:16;i:69329;i:17;i:70993;}
21790,933,bookmarked_projects,a:0:{}
21792,833,bookmarked_projects,a:6:{i:0;i:68842;i:1;i:67956;i:2;i:71655;i:3;i:49057;i:4;i:5610;i:5;i:63615;}
21793,1068,bookmarked_projects,a:6:{i:0;i:71663;i:1;i:67956;i:2;i:71647;i:3;i:63619;i:4;i:63619;i:5;i:63619;}
21794,840,bookmarked_projects,a:21:{i:0;i:68758;i:2;i:68284;i:3;i:69093;i:4;i:69766;i:5;i:68172;i:6;i:71432;i:7;i:69463;i:8;i:72362;i:9;i:66780;i:10;i:68078;i:11;i:71333;i:12;i:68509;i:13;i:67459;i:14;i:72541;i:15;i:69554;i:16;i:72111;i:17;i:71937;i:18;i:67257;i:19;i:71647;i:20;i:71979;i:21;i:72451;}
21795,938,bookmarked_projects,a:7:{i:0;i:68890;i:1;i:69795;i:2;i:69766;i:3;i:70499;i:4;i:70499;i:5;i:70499;i:6;i:68817;}
21796,880,bookmarked_projects,a:10:{i:0;i:67266;i:1;i:68842;i:2;i:68172;i:3;i:69566;i:4;i:67956;i:5;i:67257;i:6;i:69680;i:7;i:68798;i:8;i:69554;i:9;i:67894;}
21797,987,bookmarked_projects,a:7:{i:0;i:68819;i:1;i:70395;i:2;i:67863;i:3;i:66783;i:4;i:66783;i:5;i:67165;i:6;i:67165;}
21798,951,bookmarked_projects,a:6:{i:0;i:67956;i:1;i:72171;i:2;i:71333;i:3;i:72978;i:4;i:67044;i:5;i:67165;}
21799,924,bookmarked_projects,a:7:{i:0;i:71655;i:1;i:70056;i:2;i:67978;i:3;i:68170;i:4;i:69093;i:5;i:68201;i:6;i:69680;}
21800,835,bookmarked_projects,a:3:{i:0;i:67956;i:1;i:67257;i:2;i:66852;}
21801,869,bookmarked_projects,a:1:{i:0;i:68758;}
21802,998,bookmarked_projects,a:3:{i:0;i:72978;i:1;i:72451;i:2;i:80195;}
21803,902,bookmarked_projects,a:13:{i:0;i:71826;i:1;i:71826;i:2;i:66734;i:3;i:70993;i:4;i:68842;i:5;i:66783;i:6;i:68284;i:7;i:70999;i:8;i:67956;i:11;i:67257;i:12;i:67455;i:13;i:68819;i:14;i:5610;}
21804,922,bookmarked_projects,a:5:{i:0;i:71663;i:1;i:67266;i:2;i:67226;i:3;i:66751;i:4;i:72350;}
21805,898,bookmarked_projects,a:6:{i:0;i:69329;i:1;i:72111;i:2;i:66727;i:3;i:67894;i:4;i:68758;i:5;i:70499;}
21806,966,bookmarked_projects,a:5:{i:0;i:66852;i:1;i:68509;i:2;i:68842;i:3;i:67455;i:4;i:86870;}
21807,806,bookmarked_projects,a:8:{i:0;i:68284;i:1;i:72978;i:2;i:71701;i:3;i:67956;i:4;i:71198;i:5;i:69463;i:6;i:69566;i:7;i:70220;}
21808,981,bookmarked_projects,a:1:{i:0;i:71655;}
21809,944,bookmarked_projects,a:5:{i:0;i:70999;i:1;i:70056;i:2;i:68862;i:3;i:67266;i:4;i:86915;}
21810,838,bookmarked_projects,a:11:{i:0;i:69686;i:1;i:68284;i:2;i:68842;i:3;i:72350;i:4;i:67978;i:5;i:72978;i:6;i:67894;i:7;i:67894;i:8;i:71198;i:9;i:67455;i:10;i:69329;}
21811,1018,bookmarked_projects,a:8:{i:0;i:71198;i:1;i:70020;i:2;i:69566;i:3;i:71268;i:4;i:67044;i:5;i:67956;i:6;i:67956;i:7;i:68842;}
21812,815,bookmarked_projects,a:4:{i:0;i:69686;i:1;i:71979;i:2;i:68862;i:3;i:67978;}
21813,974,bookmarked_projects,a:5:{i:0;i:68890;i:1;i:69795;i:2;i:69766;i:3;i:70499;i:4;i:66721;}
21814,826,bookmarked_projects,a:6:{i:0;i:68284;i:1;i:72978;i:2;i:68817;i:3;i:66734;i:4;i:67044;i:5;i:72100;}
21815,994,bookmarked_projects,a:10:{i:0;i:68758;i:1;i:66721;i:2;i:68170;i:3;i:70499;i:4;i:69554;i:5;i:71655;i:6;i:67165;i:7;i:69329;i:8;i:71979;i:9;i:63973;}
21816,1024,bookmarked_projects,a:3:{i:0;i:70993;i:1;i:67978;i:2;i:72541;}
21817,1013,bookmarked_projects,a:6:{i:0;i:66751;i:1;i:67257;i:2;i:68819;i:3;i:72350;i:4;i:68862;i:5;i:5610;}
21818,917,bookmarked_projects,a:4:{i:0;i:68862;i:1;i:68842;i:2;i:67459;i:3;i:71979;}
21819,947,bookmarked_projects,a:7:{i:0;i:68842;i:1;i:69329;i:2;i:72978;i:3;i:72350;i:4;i:66734;i:5;i:72969;i:6;i:68817;}
21820,821,bookmarked_projects,a:4:{i:0;i:72350;i:1;i:67257;i:2;i:68170;i:3;i:5610;}
21821,854,bookmarked_projects,a:5:{i:0;i:69463;i:1;i:71432;i:2;i:68284;i:3;i:70056;i:4;i:68170;}
21822,909,bookmarked_projects,a:6:{i:0;i:69813;i:1;i:67978;i:2;i:71430;i:3;i:67956;i:4;i:72978;i:5;i:69680;}
21823,912,bookmarked_projects,a:2:{i:0;i:67226;i:1;i:68036;}
21824,1067,bookmarked_projects,a:6:{i:0;i:71663;i:1;i:72978;i:2;i:71647;i:3;i:71701;i:4;i:69554;i:5;i:67956;}
21825,956,bookmarked_projects,a:8:{i:0;i:67165;i:1;i:67257;i:2;i:71979;i:3;i:68078;i:4;i:66727;i:5;i:69680;i:6;i:69680;i:7;i:72541;}
21826,1016,bookmarked_projects,a:4:{i:0;i:68890;i:2;i:67894;i:3;i:67165;i:4;i:72978;}
21827,888,bookmarked_projects,a:6:{i:0;i:68862;i:1;i:68862;i:2;i:67956;i:3;i:70993;i:4;i:67978;i:5;i:68842;}
21828,1049,bookmarked_projects,a:9:{i:0;i:66780;i:1;i:68842;i:2;i:72978;i:3;i:68509;i:4;i:72541;i:5;i:68862;i:6;i:68862;i:7;i:66734;i:8;i:5610;}
21829,605,bookmarked_projects,a:9:{i:0;i:69554;i:1;i:68170;i:2;i:71655;i:3;i:70056;i:4;i:67894;i:5;i:70999;i:6;i:68842;i:7;i:67978;i:8;i:72111;}
21830,805,bookmarked_projects,a:3:{i:0;i:69463;i:1;i:69686;i:2;i:70999;}
21831,868,bookmarked_projects,a:12:{i:0;i:68170;i:1;i:67978;i:2;i:72541;i:3;i:71937;i:4;i:72171;i:5;i:68842;i:6;i:66721;i:7;i:68284;i:8;i:70993;i:9;i:68779;i:10;i:70993;i:11;i:72171;}
21832,847,bookmarked_projects,a:3:{i:0;i:70999;i:1;i:72100;i:2;i:67266;}
21833,803,bookmarked_projects,a:4:{i:0;i:70999;i:1;i:69686;i:2;i:72171;i:3;i:72978;}
21834,824,bookmarked_projects,a:15:{i:0;i:71655;i:1;i:72451;i:2;i:67257;i:3;i:71333;i:4;i:71979;i:5;i:68078;i:6;i:66721;i:7;i:69536;i:8;i:67044;i:9;i:66727;i:10;i:67455;i:11;i:67513;i:12;i:71705;i:13;i:72350;i:14;i:6178;}
21835,907,bookmarked_projects,a:4:{i:0;i:70499;i:1;i:70999;i:2;i:72969;i:3;i:71655;}
21836,832,bookmarked_projects,a:4:{i:0;i:70056;i:1;i:71198;i:2;i:71979;i:3;i:6178;}
21837,1081,bookmarked_projects,a:5:{i:0;i:70056;i:1;i:69144;i:2;i:68170;i:3;i:69680;i:4;i:69813;}
21838,796,bookmarked_projects,a:0:{}
21839,978,bookmarked_projects,a:14:{i:0;i:71655;i:1;i:68284;i:2;i:67863;i:3;i:68172;i:4;i:68201;i:5;i:68078;i:6;i:71937;i:7;i:67257;i:8;i:72451;i:9;i:71979;i:10;i:66719;i:11;i:68842;i:12;i:68862;i:13;i:67455;}
21840,986,bookmarked_projects,a:15:{i:0;i:67455;i:1;i:68284;i:2;i:67863;i:3;i:72451;i:4;i:67513;i:5;i:68862;i:6;i:67266;i:7;i:68170;i:8;i:72171;i:9;i:67978;i:10;i:70999;i:11;i:67956;i:12;i:69566;i:13;i:68036;i:14;i:69680;}
21841,850,bookmarked_projects,a:3:{i:0;i:68819;i:1;i:67266;i:2;i:5610;}
21843,848,bookmarked_projects,a:4:{i:0;i:68078;i:1;i:68078;i:2;i:67956;i:3;i:66734;}
21844,1064,bookmarked_projects,a:5:{i:0;i:69554;i:1;i:66852;i:2;i:72350;i:3;i:70999;i:4;i:71515;}
21845,807,bookmarked_projects,a:2:{i:0;i:72451;i:1;i:69686;}
21846,958,bookmarked_projects,a:5:{i:0;i:72350;i:1;i:70999;i:2;i:68509;i:3;i:67894;i:4;i:67863;}
21847,948,bookmarked_projects,a:6:{i:0;i:72171;i:1;i:68842;i:2;i:71663;i:3;i:71663;i:4;i:68284;i:5;i:68862;}
21848,999,bookmarked_projects,a:7:{i:0;i:68201;i:1;i:70499;i:2;i:71333;i:3;i:71979;i:7;i:70999;i:10;i:48804;i:11;i:67863;}
21849,946,bookmarked_projects,a:1:{i:0;i:67354;}
21850,1026,bookmarked_projects,a:5:{i:0;i:70999;i:1;i:67978;i:2;i:69093;i:3;i:72100;i:4;i:68988;}
21851,960,bookmarked_projects,a:5:{i:0;i:72978;i:1;i:67894;i:2;i:67863;i:3;i:72100;i:4;i:72171;}
21852,942,bookmarked_projects,a:11:{i:0;i:67455;i:1;i:69329;i:2;i:68842;i:3;i:66734;i:4;i:69686;i:5;i:71979;i:6;i:72978;i:7;i:68817;i:8;i:71655;i:9;i:69758;i:10;i:68201;}
21853,875,bookmarked_projects,a:8:{i:0;i:67978;i:1;i:69680;i:3;i:67257;i:4;i:67956;i:5;i:71979;i:6;i:66721;i:7;i:68170;i:8;i:87178;}
21855,945,bookmarked_projects,a:5:{i:0;i:67165;i:1;i:67513;i:2;i:67513;i:3;i:68170;i:4;i:68170;}
21856,1059,bookmarked_projects,a:6:{i:0;i:70993;i:1;i:71979;i:2;i:69870;i:3;i:67978;i:4;i:71655;i:5;i:72978;}
21857,1102,bookmarked_projects,a:7:{i:0;i:68779;i:1;i:68758;i:2;i:68798;i:3;i:68036;i:4;i:70173;i:5;i:69093;i:6;i:68988;}
21858,860,bookmarked_projects,a:1:{i:0;i:68509;}
21859,1009,bookmarked_projects,a:2:{i:0;i:69536;i:1;i:67455;}
21860,104,bookmarked_projects,a:1:{i:0;i:71937;}
21875,957,bookmarked_projects,a:2:{i:0;i:67165;i:1;i:71430;}
21878,866,bookmarked_projects,a:5:{i:0;i:66734;i:1;i:67266;i:2;i:71655;i:3;i:68036;i:4;i:69093;}
21879,201,bookmarked_projects,a:7:{i:0;i:44897;i:1;i:25336;i:2;i:42683;i:3;i:48358;i:4;i:1901;i:5;i:702;i:6;i:1612;}
21900,1027,bookmarked_projects,a:2:{i:0;i:64059;i:1;i:87190;}
21902,961,bookmarked_projects,a:0:{}
22027,846,bookmarked_projects,a:1:{i:0;i:5610;}
22034,1092,bookmarked_projects,a:7:{i:0;i:79780;i:1;i:80641;i:2;i:80631;i:3;i:82430;i:4;i:83417;i:5;i:83757;i:6;i:83731;}
22096,1116,bookmarked_projects,a:1:{i:0;i:48358;}
22300,936,bookmarked_projects,a:0:{}
22321,1082,bookmarked_projects,a:0:{}
22399,308,bookmarked_projects,a:0:{}
24361,1217,bookmarked_projects,a:3:{i:0;i:87782;i:1;i:91541;i:2;i:92413;}
24722,1207,bookmarked_projects,a:1:{i:0;i:3372;}
25065,1266,bookmarked_projects,a:1:{i:0;i:87754;}
25113,1166,bookmarked_projects,a:3:{i:0;i:88034;i:1;i:87434;i:2;i:87414;}
25114,1142,bookmarked_projects,a:3:{i:0;i:63615;i:1;i:43391;i:2;i:87407;}
25116,1153,bookmarked_projects,a:2:{i:0;i:87420;i:1;i:23211;}
25117,1179,bookmarked_projects,a:6:{i:0;i:24946;i:1;i:24946;i:2;i:63796;i:3;i:63701;i:4;i:87202;i:5;i:90975;}
25118,1160,bookmarked_projects,a:1:{i:0;i:63600;}
25119,1163,bookmarked_projects,a:2:{i:0;i:49015;i:1;i:49180;}
25133,1139,bookmarked_projects,a:1:{i:0;i:49049;}
25134,1181,bookmarked_projects,a:1:{i:0;i:87414;}
25145,1126,bookmarked_projects,a:1:{i:0;i:87407;}
25151,1267,bookmarked_projects,a:1:{i:0;i:87407;}
25155,1232,bookmarked_projects,a:2:{i:0;i:623;i:1;i:44897;}
25183,1156,bookmarked_projects,a:1:{i:0;i:42642;}
25413,1161,bookmarked_projects,a:4:{i:0;i:87434;i:1;i:87414;i:2;i:87418;i:3;i:90975;}
25529,1185,bookmarked_projects,a:1:{i:0;i:87531;}
25530,1144,bookmarked_projects,a:6:{i:0;i:87414;i:1;i:87434;i:2;i:87418;i:3;i:87754;i:4;i:92621;i:5;i:92621;}
25531,1176,bookmarked_projects,a:3:{i:0;i:87531;i:1;i:90862;i:2;i:87473;}
25533,1147,bookmarked_projects,a:1:{i:0;i:87531;}
25541,1132,bookmarked_projects,a:1:{i:0;i:87414;}
25543,1165,bookmarked_projects,a:1:{i:0;i:87434;}
25546,381,bookmarked_projects,a:0:{}
25552,1130,bookmarked_projects,a:2:{i:0;i:48823;i:1;i:87422;}
25591,1158,bookmarked_projects,a:9:{i:0;i:87416;i:1;i:87501;i:2;i:87267;i:3;i:87420;i:4;i:90862;i:5;i:87887;i:6;i:90975;i:7;i:91386;i:8;i:63586;}
25592,1135,bookmarked_projects,a:2:{i:0;i:87420;i:1;i:87416;}
25644,1169,bookmarked_projects,a:3:{i:0;i:87420;i:1;i:87416;i:2;i:90862;}
25663,1133,bookmarked_projects,a:6:{i:0;i:87434;i:1;i:90975;i:2;i:90975;i:3;i:90975;i:4;i:90975;i:5;i:90975;}
25670,1292,bookmarked_projects,a:1:{i:0;i:87418;}
25671,1286,bookmarked_projects,a:11:{i:0;i:87418;i:1;i:72541;i:2;i:72451;i:3;i:67257;i:4;i:91055;i:5;i:91922;i:6;i:91330;i:7;i:91063;i:8;i:90875;i:9;i:90862;i:10;i:92621;}
25679,1152,bookmarked_projects,a:1:{i:0;i:87414;}
25711,1137,bookmarked_projects,a:2:{i:0;i:87416;i:1;i:87420;}
25718,1183,bookmarked_projects,a:0:{}
25721,1253,bookmarked_projects,a:1:{i:0;i:90171;}
25726,1134,bookmarked_projects,a:4:{i:0;i:87409;i:1;i:87407;i:2;i:87572;i:3;i:87456;}
25749,1192,bookmarked_projects,a:1:{i:0;i:87409;}
25807,1293,bookmarked_projects,a:1:{i:0;i:64979;}
25835,1222,bookmarked_projects,a:1:{i:0;i:90171;}
25836,1295,bookmarked_projects,a:2:{i:0;i:90171;i:1;i:92254;}
25837,1274,bookmarked_projects,a:1:{i:0;i:90171;}
25852,1157,bookmarked_projects,a:1:{i:0;i:90862;}
25876,1178,bookmarked_projects,a:1:{i:2;i:92621;}
25916,1187,bookmarked_projects,a:2:{i:0;i:90975;i:1;i:87414;}
25917,1184,bookmarked_projects,a:3:{i:0;i:90975;i:1;i:87754;i:2;i:92621;}
25918,1167,bookmarked_projects,a:2:{i:1;i:87414;i:2;i:90975;}
25920,1300,bookmarked_projects,a:1:{i:0;i:91500;}
25943,1226,bookmarked_projects,a:1:{i:0;i:91857;}
25945,1204,bookmarked_projects,a:0:{}
25946,1249,bookmarked_projects,a:2:{i:0;i:91367;i:1;i:63694;}
25947,1141,bookmarked_projects,a:1:{i:0;i:90975;}
25948,1191,bookmarked_projects,a:2:{i:0;i:92254;i:1;i:92274;}
25949,1177,bookmarked_projects,a:0:{}
25950,1175,bookmarked_projects,a:1:{i:0;i:90948;}
25951,1201,bookmarked_projects,a:0:{}
25952,442,bookmarked_projects,a:1:{i:0;i:91541;}
25953,830,bookmarked_projects,a:1:{i:0;i:91541;}
25954,1256,bookmarked_projects,a:0:{}
26024,1221,bookmarked_projects,a:0:{}
26025,1146,bookmarked_projects,a:1:{i:0;i:90862;}
26030,914,bookmarked_projects,a:0:{}
26031,1149,bookmarked_projects,a:1:{i:0;i:87531;}
26033,1188,bookmarked_projects,a:1:{i:0;i:87473;}
26034,1302,bookmarked_projects,a:1:{i:0;i:87501;}
26043,1172,bookmarked_projects,a:1:{i:0;i:87414;}
26070,1196,bookmarked_projects,a:0:{}
26073,1213,bookmarked_projects,a:1:{i:0;i:5498;}
